Rank,Model,Strategy,Accuracy,Precision,Recall,F1,ROC_AUC,Training_Time,Model_File
1,CatBoost,SMOTE,0.865,0.7057057057057057,0.5773955773955773,0.6351351351351351,0.8703372093202602,2.4247934818267822,models\final_benchmark\catboost_smote.pkl
2,XGBoost,SMOTE,0.8565,0.6666666666666666,0.5896805896805897,0.6258148631029987,0.8596516393126562,0.2249619960784912,models\final_benchmark\xgboost_smote.pkl
3,CatBoost,ClassWeight,0.8125,0.5275862068965518,0.7518427518427518,0.6200607902735562,0.8683151564507496,0.9757523536682129,models\final_benchmark\catboost_classweight.pkl
4,CatBoost,Original,0.875,0.8152610441767069,0.4987714987714988,0.6189024390243902,0.8680221053102408,1.1116037368774414,models\final_benchmark\catboost_original.pkl
5,LightGBM,ClassWeight,0.8175,0.5388888888888889,0.714987714987715,0.614572333685322,0.8605662673459283,0.2599763870239258,models\final_benchmark\lightgbm_classweight.pkl
6,LightGBM,SMOTE,0.8545,0.6705882352941176,0.5601965601965602,0.6104417670682731,0.8660000524407305,0.3488349914550781,models\final_benchmark\lightgbm_smote.pkl
7,Random Forest,SMOTE,0.847,0.6339522546419099,0.5872235872235873,0.6096938775510204,0.8494110443262985,0.5164642333984375,models\final_benchmark\random_forest_smote.pkl
8,XGBoost,Original,0.8655,0.7674418604651163,0.4864864864864865,0.5954887218045113,0.8579411460767393,0.29961299896240234,models\final_benchmark\xgboost_original.pkl
9,XGBoost,ClassWeight,0.8655,0.7674418604651163,0.4864864864864865,0.5954887218045113,0.8579411460767393,0.17156100273132324,models\final_benchmark\xgboost_classweight.pkl
10,LightGBM,Original,0.8635,0.7557251908396947,0.4864864864864865,0.5919282511210763,0.8607050810440642,0.2940518856048584,models\final_benchmark\lightgbm_original.pkl
11,SVM,ClassWeight,0.789,0.48792270531400966,0.7444717444717445,0.5894941634241245,0.8531929464132854,6.5773491859436035,models\final_benchmark\svm_classweight.pkl
12,SVM,SMOTE,0.7925,0.4931506849315068,0.7076167076167076,0.5812310797174571,0.8421657404708253,16.743829488754272,models\final_benchmark\svm_smote.pkl
13,Random Forest,ClassWeight,0.8605,0.7758620689655172,0.44226044226044225,0.5633802816901409,0.8507883846866898,0.3697636127471924,models\final_benchmark\random_forest_classweight.pkl
14,Random Forest,Original,0.8565,0.75,0.44226044226044225,0.5564142194744977,0.8484462891242551,0.3681826591491699,models\final_benchmark\random_forest_original.pkl
15,SVM,Original,0.8625,0.8548387096774194,0.3906633906633907,0.5362563237774031,0.8251147912164862,8.853953123092651,models\final_benchmark\svm_original.pkl
16,Decision Tree,Original,0.7945,0.4954128440366973,0.5307125307125307,0.5124555160142349,0.6963041624058574,0.047621965408325195,models\final_benchmark\decision_tree_original.pkl
17,KNN,SMOTE,0.7375,0.4106060606060606,0.6658476658476659,0.5079662605435802,0.7673466995500895,0.015757322311401367,models\final_benchmark\knn_smote.pkl
18,Decision Tree,SMOTE,0.779,0.46361746361746364,0.547911547911548,0.5022522522522522,0.6929764895866591,0.06764888763427734,models\final_benchmark\decision_tree_smote.pkl
19,Logistic Regression,SMOTE,0.7175,0.39088397790055246,0.6953316953316954,0.5004420866489832,0.7753639618046398,0.015682220458984375,models\final_benchmark\logistic_regression_smote.pkl
20,Logistic Regression,ClassWeight,0.7135,0.38722826086956524,0.7002457002457002,0.49868766404199477,0.7771654551315569,0.009480953216552734,models\final_benchmark\logistic_regression_classweight.pkl
21,KNN,Original,0.835,0.6638297872340425,0.3832923832923833,0.48598130841121495,0.7729794509455526,0.01578068733215332,models\final_benchmark\knn_original.pkl
22,Naive Bayes,SMOTE,0.7175,0.3845029239766082,0.6461916461916462,0.4821264894592117,0.772908501722061,0.0,models\final_benchmark\naive_bayes_smote.pkl
23,Decision Tree,ClassWeight,0.784,0.46958637469586373,0.4742014742014742,0.4718826405867971,0.6686763805407874,0.03710222244262695,models\final_benchmark\decision_tree_classweight.pkl
24,Naive Bayes,Original,0.806,0.5331010452961672,0.3759213759213759,0.4409221902017291,0.7773073535785401,0.0,models\final_benchmark\naive_bayes_original.pkl
25,Logistic Regression,Original,0.808,0.5891472868217055,0.18673218673218672,0.2835820895522388,0.7747578086561138,0.0,models\final_benchmark\logistic_regression_original.pkl
