Rank,Dataset,Strategy,Model,Status,Accuracy,Precision,Recall,F1,ROC_AUC,Train_Time,Error
1,Dataset_2,ClassWeight,LightGBM,Completed,0.8400563677998943,0.5564263322884012,0.6749049429657795,0.6099656357388317,0.8384579179940396,1.0,
2,Dataset_2,ClassWeight,CatBoost,Completed,0.8264928659503259,0.5236749116607774,0.7043726235741445,0.6007296311309283,0.8445884287329154,3.55,
3,Dataset_2,ClassWeight,XGBoost,Completed,0.8360049321824907,0.5474509803921569,0.6634980988593155,0.5999140524280189,0.8348586990031857,3.96,
4,Dataset_2,SMOTE,CatBoost,Completed,0.8525629734014444,0.6052889324191969,0.5874524714828897,0.5962373371924746,0.8306634467166787,5.06,
5,Dataset_2,SMOTE,LightGBM,Completed,0.8569667077681874,0.6260504201680672,0.5665399239543726,0.5948103792415169,0.8318454424005756,1.8,
6,Dataset_2,SMOTE,XGBoost,Completed,0.8471023427866831,0.5909090909090909,0.5684410646387833,0.5794573643410853,0.8235003596752646,4.84,
7,Dataset_2,SMOTE,RandomForest,Completed,0.8493922846573895,0.6029258098223615,0.5484790874524715,0.5744151319064211,0.8327401089302229,27.67,
8,Dataset_2,Original,LightGBM,Completed,0.8668310727496917,0.7176470588235294,0.46387832699619774,0.5635103926096998,0.8389770835474257,0.97,
9,Dataset_2,Original,XGBoost,Completed,0.8603135458869121,0.6821378340365682,0.4610266159695818,0.5501985252410664,0.8268303360394614,3.98,
10,Dataset_2,Original,CatBoost,Completed,0.8648934296283248,0.7309562398703403,0.42870722433460073,0.5404433792690234,0.8456787586065153,3.95,
11,Dataset_2,ClassWeight,DecisionTree,Completed,0.8071164347366567,0.4810905892700088,0.5199619771863118,0.4997715851987209,0.6961972048093721,15.05,
12,Dataset_2,SMOTE,DecisionTree,Completed,0.7690681698079972,0.41563517915309445,0.6064638783269962,0.49323540780827213,0.7062589661905251,80.52,
13,Dataset_2,Original,RandomForest,Completed,0.857847454641536,0.7704194260485652,0.33174904942965777,0.46378737541528237,0.8360171616483403,27.25,
14,Dataset_2,ClassWeight,RandomForest,Completed,0.8530914215254536,0.746606334841629,0.31368821292775667,0.44176706827309237,0.844842051176652,19.44,
15,Dataset_2,Original,DecisionTree,Completed,0.802536550995244,0.4628632938643703,0.40874524714828897,0.43412417970721856,0.6504266776281986,87.71,
16,Dataset_2,ClassWeight,LogisticRegression,Completed,0.6781750924784217,0.28291316526610644,0.48003802281368824,0.3560098695805428,0.6343629637241804,8.14,
17,Dataset_2,SMOTE,LogisticRegression,Completed,0.6739475074863485,0.27442123094297005,0.4619771863117871,0.3443145589798087,0.6287682663652244,13.69,
18,Dataset_2,SMOTE,KNN,Completed,0.3843579355293289,0.19727385377943,0.7566539923954373,0.3129545901317083,0.5385064227725825,13.93,
19,Dataset_2,SMOTE,NaiveBayes,Completed,0.3008631319358816,0.18217476574417085,0.7946768060836502,0.29640134727885126,0.4914976878018703,3.71,
20,Dataset_2,Original,NaiveBayes,Completed,0.2978685925664964,0.18177874186550977,0.7965779467680608,0.29600847756976334,0.4905051896002467,2.41,
21,Dataset_2,Original,LogisticRegression,Completed,0.8203276378368857,0.6632653061224489,0.06178707224334601,0.11304347826086956,0.6821362655431097,5.46,
22,Dataset_2,Original,KNN,Completed,0.7983089660031707,0.2857142857142857,0.058935361216730035,0.09771473601260836,0.552173363477546,11.99,
