Strategy,Model,Accuracy,Precision,Recall,F1,ROC_AUC
Original,LogisticRegression,0.808,0.589147287,0.186732187,0.28358209,0.774824131
Original,RandomForest,0.863,0.773662551,0.461916462,0.578461538,0.852096318
Original,XGBoost,0.849,0.682926829,0.481572482,0.564841499,0.832834375
ClassWeight,LogisticRegression,0.7135,0.387228261,0.7002457,0.498687664,0.777119184
ClassWeight,RandomForest,0.8625,0.786956522,0.444717445,0.568288854,0.856185924
ClassWeight,XGBoost,0.8225,0.557522124,0.619164619,0.586728754,0.835760259
SMOTE,LogisticRegression,0.7165,0.389807163,0.695331695,0.499558694,0.776321776
SMOTE,RandomForest,0.848,0.645892351,0.56019656,0.6,0.85435127
SMOTE,XGBoost,0.854,0.670623145,0.555282555,0.607526882,0.848760934
