Rank,Strategy,Model,Accuracy,Precision,Recall,F1,ROC_AUC,Train_Time
1,ClassWeight,CatBoost,0.815,0.533213645,0.72972973,0.616182573,0.865359967,0.95
2,SMOTE,LightGBM,0.8595,0.694444444,0.552825553,0.615595075,0.85347443,0.29
3,SMOTE,CatBoost,0.861,0.707395498,0.540540541,0.61281337,0.85764501,1.89
4,Original,CatBoost,0.8725,0.81147541,0.486486486,0.608294931,0.861837184,1.16
5,ClassWeight,LightGBM,0.8195,0.545275591,0.680589681,0.605464481,0.851455462,0.25
6,SMOTE,RandomForest,0.848,0.645892351,0.56019656,0.6,0.85435127,0.74
7,SMOTE,XGBoost,0.8495,0.660606061,0.535626536,0.591587517,0.834177783,0.28
8,Original,LightGBM,0.861,0.741573034,0.486486486,0.587537092,0.850770647,4.29
9,ClassWeight,SVM,0.788,0.486268174,0.73955774,0.586744639,0.855724754,9.8
10,SMOTE,SVM,0.7915,0.491666667,0.724815725,0.585898709,0.849074036,21.31
11,Original,RandomForest,0.863,0.773662551,0.461916462,0.578461538,0.852096318,0.69
12,ClassWeight,XGBoost,0.826,0.572481572,0.572481572,0.572481572,0.826126589,0.23
13,ClassWeight,RandomForest,0.8625,0.786956522,0.444717445,0.568288854,0.856185924,0.61
14,Original,SVM,0.866,0.860103627,0.407862408,0.553333333,0.828868931,6.43
15,Original,XGBoost,0.841,0.64983165,0.474201474,0.548295455,0.821584296,0.3
16,Original,KNN,0.843,0.683794466,0.425061425,0.524242424,0.791642181,0.29
17,SMOTE,KNN,0.7405,0.415151515,0.673218673,0.513589503,0.778464906,0.28
18,SMOTE,LogisticRegression,0.7165,0.389807163,0.695331695,0.499558694,0.776321776,0.03
19,ClassWeight,LogisticRegression,0.7135,0.387228261,0.7002457,0.498687664,0.777119184,0.02
20,Original,DecisionTree,0.7825,0.468181818,0.506142506,0.486422668,0.679624925,0.06
21,SMOTE,DecisionTree,0.773,0.449462366,0.513513514,0.479357798,0.676405219,0.12
22,SMOTE,NaiveBayes,0.706,0.373779637,0.658476658,0.476868327,0.777321235,0.02
23,ClassWeight,DecisionTree,0.777,0.453900709,0.471744472,0.462650602,0.663367528,0.08
24,Original,NaiveBayes,0.82,0.6,0.346437346,0.439252336,0.784286598,0.01
25,Original,LogisticRegression,0.808,0.589147287,0.186732187,0.28358209,0.774824131,0.02
